{"cameraMode":{"drawMode":0,"name":"Shaded","section":"Shading Mode"},"sceneLighting":true,"audioPlay":false,"sceneViewState":{"showFog":true,"showMaterialUpdate":true,"showSkybox":true,"showFlares":true,"showImageEffects":true,"showParticleSystems":true},"in2DMode":false,"pivot":{"x":5.262247085571289,"y":2.9251949787139894,"z":0.15255211293697358},"rotation":{"x":-0.045964282006025317,"y":-0.9171774387359619,"z":0.11088055372238159,"w":-0.3801785707473755},"size":8.250725746154786,"orthographic":false}